id,usd_official,eur_official,usd_libre,source,timestamp
33,52.03,54.08,0.00,BCV,2025-01-02 08:00:00
34,52.57,54.17,0.00,BCV,2025-01-03 08:00:00
35,53.01,54.50,0.00,BCV,2025-01-07 08:00:00
36,53.07,55.03,0.00,BCV,2025-01-08 08:00:00
37,53.28,54.88,0.00,BCV,2025-01-09 08:00:00
38,53.85,55.52,0.00,BCV,2025-01-10 08:00:00
39,53.88,55.20,0.00,BCV,2025-01-14 08:00:00
40,53.96,55.43,0.00,BCV,2025-01-15 08:00:00
41,54.37,56.11,0.00,BCV,2025-01-16 08:00:00
42,54.76,56.28,0.00,BCV,2025-01-17 08:00:00
43,54.91,56.59,0.00,BCV,2025-01-20 08:00:00
44,54.99,57.32,0.00,BCV,2025-01-21 08:00:00
45,55.30,57.45,0.00,BCV,2025-01-22 08:00:00
46,55.76,58.10,0.00,BCV,2025-01-23 08:00:00
47,56.28,58.59,0.00,BCV,2025-01-24 08:00:00
48,56.65,59.34,0.00,BCV,2025-01-27 08:00:00
49,56.86,59.67,0.00,BCV,2025-01-28 08:00:00
50,57.30,59.80,0.00,BCV,2025-01-29 08:00:00
51,57.39,59.75,0.00,BCV,2025-01-30 08:00:00
52,57.97,60.50,0.00,BCV,2025-01-31 08:00:00
53,58.44,60.63,0.00,BCV,2025-02-03 08:00:00
54,58.54,60.05,0.00,BCV,2025-02-04 08:00:00
55,58.79,61.00,0.00,BCV,2025-02-05 08:00:00
56,59.46,62.01,0.00,BCV,2025-02-06 08:00:00
57,60.14,62.39,0.00,BCV,2025-02-07 08:00:00
58,60.52,62.80,0.00,BCV,2025-02-10 08:00:00
59,60.54,62.43,0.00,BCV,2025-02-11 08:00:00
60,61.03,63.05,0.00,BCV,2025-02-12 08:00:00
61,61.35,63.45,0.00,BCV,2025-02-13 08:00:00
62,61.82,64.31,0.00,BCV,2025-02-14 08:00:00
63,62.07,65.21,0.00,BCV,2025-02-17 08:00:00
64,62.10,65.09,0.00,BCV,2025-02-18 08:00:00
65,62.18,64.99,0.00,BCV,2025-02-19 08:00:00
66,62.51,65.21,0.00,BCV,2025-02-20 08:00:00
67,63.21,66.07,0.00,BCV,2025-02-21 08:00:00
68,63.41,66.38,0.00,BCV,2025-02-24 08:00:00
69,63.49,66.43,0.00,BCV,2025-02-25 08:00:00
70,64.02,67.25,0.00,BCV,2025-02-26 08:00:00
71,64.24,67.42,0.00,BCV,2025-02-27 08:00:00
72,64.25,66.91,0.00,BCV,2025-02-28 08:00:00
73,64.48,67.12,0.00,BCV,2025-03-05 08:00:00
74,64.61,69.49,0.00,BCV,2025-03-06 08:00:00
75,64.75,70.21,0.00,BCV,2025-03-07 08:00:00
76,65.27,70.91,0.00,BCV,2025-03-10 08:00:00
77,65.42,70.88,0.00,BCV,2025-03-11 08:00:00
78,65.63,71.63,0.00,BCV,2025-03-12 08:00:00
79,66.25,72.31,0.00,BCV,2025-03-13 08:00:00
80,66.44,72.15,0.00,BCV,2025-03-14 08:00:00
81,66.56,72.40,0.00,BCV,2025-03-17 08:00:00
82,66.79,72.91,0.00,BCV,2025-03-18 08:00:00
83,67.63,73.72,0.00,BCV,2025-03-20 08:00:00
84,67.86,73.46,0.00,BCV,2025-03-21 08:00:00
85,68.31,73.96,0.00,BCV,2025-03-24 08:00:00
86,68.39,73.85,0.00,BCV,2025-03-25 08:00:00
87,68.70,74.30,0.00,BCV,2025-03-26 08:00:00
88,69.02,74.45,0.00,BCV,2025-03-27 08:00:00
89,69.44,74.94,0.00,BCV,2025-03-28 08:00:00
90,69.57,75.35,0.00,BCV,2025-03-31 08:00:00
91,69.78,75.45,0.00,BCV,2025-04-01 08:00:00
92,70.01,75.65,0.00,BCV,2025-04-02 08:00:00
93,70.25,76.23,0.00,BCV,2025-04-03 08:00:00
94,70.59,78.48,0.00,BCV,2025-04-04 08:00:00
95,72.19,79.32,0.00,BCV,2025-04-07 08:00:00
96,73.36,80.07,0.00,BCV,2025-04-08 08:00:00
97,74.28,81.05,0.00,BCV,2025-04-09 08:00:00
98,75.80,83.70,0.00,BCV,2025-04-10 08:00:00
99,77.26,86.31,0.00,BCV,2025-04-11 08:00:00
100,78.36,88.86,0.00,BCV,2025-04-14 08:00:00
101,78.59,89.30,0.00,BCV,2025-04-15 08:00:00
102,79.78,90.38,0.00,BCV,2025-04-16 08:00:00
103,80.96,92.09,0.00,BCV,2025-04-21 08:00:00
104,81.76,94.00,0.00,BCV,2025-04-22 08:00:00
105,82.38,94.56,0.00,BCV,2025-04-23 08:00:00
106,83.42,94.77,0.00,BCV,2025-04-24 08:00:00
107,84.42,96.01,0.00,BCV,2025-04-25 08:00:00
108,86.11,97.84,0.00,BCV,2025-04-28 08:00:00
109,86.66,98.60,0.00,BCV,2025-04-29 08:00:00
110,86.85,99.01,0.00,BCV,2025-04-30 08:00:00
111,87.57,99.48,0.00,BCV,2025-05-02 08:00:00
112,88.64,100.70,0.00,BCV,2025-05-05 08:00:00
113,88.72,100.59,0.00,BCV,2025-05-06 08:00:00
114,91.21,103.45,0.00,BCV,2025-05-07 08:00:00
115,91.92,104.45,0.00,BCV,2025-05-08 08:00:00
116,92.83,104.65,0.00,BCV,2025-05-09 08:00:00
117,93.05,104.80,0.00,BCV,2025-05-12 08:00:00
118,93.06,103.48,0.00,BCV,2025-05-13 08:00:00
119,93.58,104.51,0.00,BCV,2025-05-14 08:00:00
120,94.16,105.59,0.00,BCV,2025-05-15 08:00:00
121,94.32,105.53,0.00,BCV,2025-05-16 08:00:00
122,94.76,105.64,0.00,BCV,2025-05-19 08:00:00
123,94.80,106.74,0.00,BCV,2025-05-20 08:00:00
124,94.86,106.58,0.00,BCV,2025-05-21 08:00:00
125,94.97,107.65,0.00,BCV,2025-05-22 08:00:00
126,95.02,107.18,0.00,BCV,2025-05-23 08:00:00
127,95.08,107.80,0.00,BCV,2025-05-26 08:00:00
128,95.24,108.39,0.00,BCV,2025-05-27 08:00:00
129,95.81,108.58,0.00,BCV,2025-05-28 08:00:00
130,96.53,109.08,0.00,BCV,2025-05-29 08:00:00
131,96.86,110.00,0.00,BCV,2025-05-30 08:00:00
132,97.31,110.22,0.00,BCV,2025-06-03 08:00:00
133,97.42,110.92,0.00,BCV,2025-06-04 08:00:00
134,97.90,111.90,0.00,BCV,2025-06-05 08:00:00
135,98.51,112.93,0.00,BCV,2025-06-06 08:00:00
136,99.09,112.87,0.00,BCV,2025-06-09 08:00:00
137,99.12,113.13,0.00,BCV,2025-06-10 08:00:00
138,99.70,113.93,0.00,BCV,2025-06-11 08:00:00
139,100.34,115.20,0.00,BCV,2025-06-12 08:00:00
140,101.08,117.08,0.00,BCV,2025-06-13 08:00:00
141,102.16,117.90,0.00,BCV,2025-06-17 08:00:00
142,102.81,118.54,0.00,BCV,2025-06-18 08:00:00
143,103.74,119.45,0.00,BCV,2025-06-19 08:00:00
144,104.54,154.60,0.00,BCV,2025-06-20 08:00:00
145,105.45,121.50,0.00,BCV,2025-06-25 08:00:00
146,106.17,123.43,0.00,BCV,2025-06-26 08:00:00
147,106.86,125.12,0.00,BCV,2025-06-27 08:00:00
148,107.62,126.19,0.00,BCV,2025-06-30 08:00:00
149,108.19,127.14,0.00,BCV,2025-07-01 08:00:00
150,108.98,128.31,0.00,BCV,2025-07-02 08:00:00
151,109.77,129.20,0.00,BCV,2025-07-03 08:00:00
152,110.56,130.17,0.00,BCV,2025-07-04 08:00:00
153,111.42,131.24,0.00,BCV,2025-07-07 08:00:00
154,112.13,131.59,0.00,BCV,2025-07-08 08:00:00
155,112.83,132.07,0.00,BCV,2025-07-09 08:00:00
156,113.75,133.27,0.00,BCV,2025-07-10 08:00:00
157,114.41,133.64,0.00,BCV,2025-07-11 08:00:00
158,115.33,134.86,0.00,BCV,2025-07-14 08:00:00
159,115.84,135.35,0.00,BCV,2025-07-15 08:00:00
160,116.82,135.67,0.00,BCV,2025-07-16 08:00:00
161,117.40,136.16,0.00,BCV,2025-07-17 08:00:00
162,118.29,137.07,0.00,BCV,2025-07-18 08:00:00
163,119.14,138.85,0.00,BCV,2025-07-21 08:00:00
164,119.67,140.07,0.00,BCV,2025-07-22 08:00:00
165,120.42,141.32,0.00,BCV,2025-07-23 08:00:00
166,121.35,142.35,0.00,BCV,2025-07-25 08:00:00
167,122.17,143.40,0.00,BCV,2025-07-28 08:00:00
168,122.84,142.84,0.00,BCV,2025-07-29 08:00:00
169,123.87,142.73,0.00,BCV,2025-07-30 08:00:00
170,124.51,142.95,0.00,BCV,2025-07-31 08:00:00
171,125.42,143.50,0.00,BCV,2025-08-01 08:00:00
172,126.28,145.89,0.00,BCV,2025-08-04 08:00:00
173,127.11,147.17,0.00,BCV,2025-08-05 08:00:00
174,128.24,148.20,0.00,BCV,2025-08-06 08:00:00
175,129.05,150.25,0.00,BCV,2025-08-07 08:00:00
176,130.07,151.13,0.00,BCV,2025-08-08 08:00:00
177,131.12,152.84,0.00,BCV,2025-08-11 08:00:00
178,132.30,153.36,0.00,BCV,2025-08-12 08:00:00
179,133.52,155.76,0.00,BCV,2025-08-13 08:00:00
180,134.48,157.53,0.00,BCV,2025-08-14 08:00:00
181,135.64,158.06,0.00,BCV,2025-08-15 08:00:00
182,136.89,160.28,0.00,BCV,2025-08-19 08:00:00
183,138.13,161.22,0.00,BCV,2025-08-20 08:00:00
184,139.40,162.53,0.00,BCV,2025-08-21 08:00:00
185,140.66,163.35,0.00,BCV,2025-08-22 08:00:00
186,141.88,166.28,0.00,BCV,2025-08-25 08:00:00
187,143.04,167.34,0.00,BCV,2025-08-26 08:00:00
188,144.37,168.34,0.00,BCV,2025-08-27 08:00:00
189,145.75,169.13,0.00,BCV,2025-08-28 08:00:00
190,147.08,171.55,0.00,BCV,2025-08-29 08:00:00
191,148.44,173.66,0.00,BCV,2025-09-01 08:00:00
192,149.47,174.93,0.00,BCV,2025-09-02 08:00:00
193,150.80,175.88,0.00,BCV,2025-09-03 08:00:00
194,151.76,177.02,0.00,BCV,2025-09-04 08:00:00
195,152.82,177.84,0.00,BCV,2025-09-05 08:00:00
196,154.01,180.88,0.00,BCV,2025-09-08 08:00:00
197,154.98,182.09,0.00,BCV,2025-09-09 08:00:00
198,156.37,183.34,0.00,BCV,2025-09-10 08:00:00
199,157.73,184.88,0.00,BCV,2025-09-11 08:00:00
200,158.93,186.58,0.00,BCV,2025-09-12 08:00:00
201,160.45,188.03,0.00,BCV,2025-09-16 08:00:00
202,161.89,191.78,0.00,BCV,2025-09-17 08:00:00
203,163.65,193.91,0.00,BCV,2025-09-18 08:00:00
204,165.41,194.74,0.00,BCV,2025-09-19 08:00:00
205,166.58,195.68,0.00,BCV,2025-09-22 08:00:00
206,168.42,198.22,0.00,BCV,2025-09-23 08:00:00
207,169.98,200.47,0.00,BCV,2025-09-24 08:00:00
208,171.85,201.73,0.00,BCV,2025-09-25 08:00:00
209,173.74,202.78,0.00,BCV,2025-09-26 08:00:00
210,175.65,205.39,0.00,BCV,2025-09-29 08:00:00
211,177.61,208.28,0.00,BCV,2025-09-30 08:00:00
212,179.43,210.51,0.00,BCV,2025-10-01 08:00:00
213,181.30,212.94,0.00,BCV,2025-10-02 08:00:00
214,183.14,214.52,0.00,BCV,2025-10-03 08:00:00
215,185.40,217.65,0.00,BCV,2025-10-06 08:00:00
216,187.29,219.40,0.00,BCV,2025-10-07 08:00:00
217,189.26,220.94,0.00,BCV,2025-10-08 08:00:00
218,191.37,222.28,0.00,BCV,2025-10-09 08:00:00
219,193.30,223.64,0.00,BCV,2025-10-10 08:00:00
220,195.25,226.04,0.00,BCV,2025-10-13 08:00:00
221,197.25,228.09,0.00,BCV,2025-10-14 08:00:00
222,199.11,230.45,0.00,BCV,2025-10-15 08:00:00
223,201.47,234.20,0.00,BCV,2025-10-16 08:00:00
224,203.74,237.92,0.00,BCV,2025-10-17 08:00:00
225,205.68,239.92,0.00,BCV,2025-10-20 08:00:00
226,207.89,242.21,0.00,BCV,2025-10-21 08:00:00
227,210.28,244.02,0.00,BCV,2025-10-22 08:00:00
228,212.48,246.68,0.00,BCV,2025-10-23 08:00:00
229,214.42,249.02,0.00,BCV,2025-10-24 08:00:00
230,216.37,251.66,0.00,BCV,2025-10-27 08:00:00
231,218.17,253.90,0.00,BCV,2025-10-28 08:00:00
232,219.87,256.36,0.00,BCV,2025-10-29 08:00:00
233,221.74,258.34,0.00,BCV,2025-10-30 08:00:00
234,223.65,258.81,0.00,BCV,2025-10-31 08:00:00
235,223.96,258.15,0.00,BCV,2025-11-03 08:00:00
236,224.38,258.41,0.00,BCV,2025-11-04 08:00:00
237,226.13,259.63,0.00,BCV,2025-11-05 08:00:00
238,227.56,261.16,0.00,BCV,2025-11-06 08:00:00
239,228.48,263.29,0.00,BCV,2025-11-07 08:00:00
240,231.05,267.64,0.00,BCV,2025-11-10 08:00:00
241,231.09,267.28,0.00,BCV,2025-11-11 08:00:00
242,233.05,270.26,0.00,BCV,2025-11-12 08:00:00
243,233.56,270.33,0.00,BCV,2025-11-13 08:00:00
244,234.87,273.08,0.00,BCV,2025-11-14 08:00:00
245,236.46,274.84,0.00,BCV,2025-11-17 08:00:00
246,236.84,274.36,0.00,BCV,2025-11-18 08:00:00
247,237.75,275.81,0.00,BCV,2025-11-19 08:00:00
248,240.32,277.61,0.00,BCV,2025-11-20 08:00:00
249,241.58,278.43,0.00,BCV,2025-11-21 08:00:00
250,243.11,280.05,0.00,BCV,2025-11-25 08:00:00
251,243.57,281.76,0.00,BCV,2025-11-26 08:00:00
252,244.65,283.50,0.00,BCV,2025-11-27 08:00:00
253,245.67,284.88,0.00,BCV,2025-11-28 08:00:00
254,247.30,286.40,0.00,BCV,2025-12-01 08:00:00
255,247.41,287.83,0.00,BCV,2025-12-02 08:00:00
256,249.20,289.16,0.00,BCV,2025-12-03 08:00:00
257,251.89,293.88,0.00,BCV,2025-12-04 08:00:00
258,254.87,297.38,0.00,BCV,2025-12-05 08:00:00
259,257.93,300.51,0.00,BCV,2025-12-09 08:00:00
260,262.10,304.85,0.00,BCV,2025-12-10 08:00:00
261,265.07,308.82,0.00,BCV,2025-12-11 08:00:00
262,267.75,314.38,0.00,BCV,2025-12-12 08:00:00
263,270.79,317.90,0.00,BCV,2025-12-15 08:00:00
264,273.59,321.87,0.00,BCV,2025-12-16 08:00:00
265,276.58,326.16,0.00,BCV,2025-12-17 08:00:00
266,279.56,328.37,0.00,BCV,2025-12-18 08:00:00
267,282.51,331.19,0.00,BCV,2025-12-19 08:00:00
268,285.40,334.40,0.00,BCV,2025-12-22 08:00:00
269,288.45,339.25,0.00,BCV,2025-12-23 08:00:00
270,291.35,342.94,0.00,BCV,2025-12-26 08:00:00
271,294.97,347.78,0.00,BCV,2025-12-29 08:00:00
272,298.14,351.25,0.00,BCV,2025-12-30 08:00:00
273,301.37,354.49,0.00,BCV,2026-01-02 08:00:00
274,304.68,357.89,0.00,BCV,2026-01-05 08:00:00
275,308.15,360.50,0.00,BCV,2026-01-06 08:00:00
276,311.88,364.84,0.00,BCV,2026-01-07 08:00:00
277,321.03,375.31,0.00,BCV,2026-01-08 08:00:00
278,325.39,379.64,0.00,BCV,2026-01-09 08:00:00
279,330.38,384.33,0.00,BCV,2026-01-13 08:00:00
280,336.46,391.88,0.00,BCV,2026-01-14 08:00:00
281,339.15,395.27,0.00,BCV,2026-01-15 08:00:00
282,341.74,396.48,0.00,BCV,2026-01-16 08:00:00
283,344.51,400.49,0.00,BCV,2026-01-20 08:00:00
284,347.26,407.17,0.00,BCV,2026-01-21 08:00:00
285,349.93,409.65,0.00,BCV,2026-01-22 08:00:00
286,352.71,413.39,0.00,BCV,2026-01-23 08:00:00
287,355.55,417.59,0.00,BCV,2026-01-26 08:00:00
288,358.92,426.19,0.00,BCV,2026-01-27 08:00:00
289,361.49,432.72,0.00,BCV,2026-01-28 08:00:00
290,363.66,434.43,0.00,BCV,2026-01-29 08:00:00
291,367.31,439.47,0.00,BCV,2026-01-30 08:00:00
292,370.25,440.48,0.00,BCV,2026-02-02 08:00:00
293,372.11,439.64,0.00,BCV,2026-02-03 08:00:00
294,375.08,442.59,0.00,BCV,2026-02-04 08:00:00
295,378.46,447.22,0.00,BCV,2026-02-05 08:00:00
296,381.11,449.86,0.00,BCV,2026-02-06 08:00:00
297,382.63,451.88,0.00,BCV,2026-02-09 08:00:00
298,385.27,458.88,0.00,BCV,2026-02-10 08:00:00
299,388.74,462.78,0.00,BCV,2026-02-11 08:00:00
300,390.29,463.08,0.00,BCV,2026-02-12 08:00:00
301,393.22,467.33,0.00,BCV,2026-02-13 08:00:00
302,396.37,470.28,0.00,BCV,2026-02-18 08:00:00
303,398.75,471.42,0.00,BCV,2026-02-19 08:00:00
304,402.33,472.83,0.00,BCV,2026-02-20 08:00:00
305,405.35,476.71,0.00,BCV,2026-02-23 08:00:00
306,407.38,480.80,0.00,BCV,2026-02-24 08:00:00
307,411.09,483.92,0.00,BCV,2026-02-25 08:00:00
308,414.05,488.60,0.00,BCV,2026-02-26 08:00:00
309,417.36,493.11,0.00,BCV,2026-02-27 08:00:00
310,419.99,495.61,0.00,BCV,2026-03-02 08:00:00
311,421.88,493.54,0.00,BCV,2026-03-03 08:00:00
312,425.67,491.49,0.00,BCV,2026-03-04 08:00:00
313,427.93,497.42,0.00,BCV,2026-03-05 08:00:00
314,431.01,499.62,0.00,BCV,2026-03-06 08:00:00
315,433.17,501.73,0.00,BCV,2026-03-09 08:00:00
316,436.24,505.42,0.00,BCV,2026-03-10 08:00:00
317,438.20,510.21,0.00,BCV,2026-03-11 08:00:00
318,440.97,510.49,0.00,BCV,2026-03-12 08:00:00
319,443.26,510.34,0.00,BCV,2026-03-13 08:00:00
320,446.80,511.22,0.00,BCV,2026-03-16 08:00:00
321,448.37,514.98,0.00,BCV,2026-03-17 08:00:00
322,451.51,520.64,0.00,BCV,2026-03-18 08:00:00
323,455.25,524.51,0.00,BCV,2026-03-20 08:00:00
324,457.08,527.79,0.00,BCV,2026-03-23 08:00:00
325,459.45,533.46,0.00,BCV,2026-03-24 08:00:00
326,462.67,536.09,0.00,BCV,2026-03-25 08:00:00
327,466.60,540.17,0.00,BCV,2026-03-26 08:00:00
328,468.51,541.19,0.00,BCV,2026-03-27 08:00:00
329,471.70,543.94,0.00,BCV,2026-03-30 08:00:00
330,473.87,542.64,0.00,BCV,2026-03-31 08:00:00
331,473.92,545.95,0.00,BCV,2026-04-01 08:00:00
332,474.06,550.90,0.00,BCV,2026-04-06 08:00:00
333,474.53,547.56,0.00,BCV,2026-04-07 08:00:00
334,475.01,549.70,0.00,BCV,2026-04-08 08:00:00
335,475.96,556.52,0.00,BCV,2026-04-09 08:00:00
336,476.43,556.66,0.00,BCV,2026-04-10 08:00:00
337,477.15,560.05,0.00,BCV,2026-04-13 08:00:00
338,477.63,559.21,0.00,BCV,2026-04-14 08:00:00
339,478.58,564.98,0.00,BCV,2026-04-15 08:00:00
340,479.78,565.98,0.00,BCV,2026-04-16 08:00:00
341,480.26,565.41,0.00,BCV,2026-04-17 08:00:00
342,481.22,568.52,0.00,BCV,2026-04-20 08:00:00
343,481.70,567.58,0.00,BCV,2026-04-21 08:00:00
344,482.76,567.71,0.00,BCV,2026-04-22 08:00:00
345,483.34,567.01,0.00,BCV,2026-04-23 08:00:00
346,483.87,566.84,0.00,BCV,2026-04-24 08:00:00
347,484.74,567.40,0.00,BCV,2026-04-27 08:00:00
348,485.23,569.30,0.00,BCV,2026-04-28 08:00:00
349,486.20,569.43,0.00,BCV,2026-04-29 08:00:00
350,487.12,569.76,0.00,BCV,2026-04-30 08:00:00
351,489.55,574.19,0.00,BCV,2026-05-04 08:00:00
352,490.04,574.04,0.00,BCV,2026-05-05 08:00:00
353,493.38,577.52,0.00,BCV,2026-05-06 08:00:00
354,496.83,583.87,0.00,BCV,2026-05-07 08:00:00
355,499.86,588.10,0.00,BCV,2026-05-08 08:00:00
356,500.46,589.27,0.00,BCV,2026-05-11 08:00:00
357,504.91,595.05,0.00,BCV,2026-05-12 08:00:00
358,508.60,596.60,0.00,BCV,2026-05-13 08:00:00
359,510.79,598.12,0.00,BCV,2026-05-14 08:00:00
360,515.18,601.45,0.00,BCV,2026-05-15 08:00:00
361,517.96,602.19,0.00,BCV,2026-05-19 08:00:00
362,520.91,604.16,0.00,BCV,2026-05-20 08:00:00
363,523.67,609.34,0.00,BCV,2026-05-21 08:00:00
364,526.87,610.38,0.00,BCV,2026-05-22 08:00:00
365,530.50,615.50,0.00,BCV,2026-05-25 08:00:00
366,535.39,623.50,0.00,BCV,2026-05-26 08:00:00
367,540.04,627.70,0.00,BCV,2026-05-27 08:00:00
368,544.58,633.48,0.00,BCV,2026-05-28 08:00:00
369,549.37,640.14,0.00,BCV,2026-05-29 08:00:00
370,554.43,645.68,0.00,BCV,2026-06-01 08:00:00
371,557.97,648.24,0.00,BCV,2026-06-02 08:00:00
372,558.64,650.56,0.00,BCV,2026-06-03 08:00:00
373,560.38,650.51,0.00,BCV,2026-06-04 08:00:00
374,563.29,654.87,0.00,BCV,2026-06-05 08:00:00
375,567.68,655.38,0.00,BCV,2026-06-09 08:00:00
376,572.68,662.25,0.00,BCV,2026-06-10 08:00:00
377,577.55,667.37,0.00,BCV,2026-06-11 08:00:00
378,582.69,671.42,0.00,BCV,2026-06-12 08:00:00
379,587.41,680.08,801.50,BCV,2026-06-15 08:00:00
380,592.52,687.70,808.18,BCV,2026-06-16 22:00:55
381,596.78,692.05,809.34,BCV,2026-06-17 20:00:59
382,602.33,698.22,808.91,BCV,2026-06-18 00:00:56
409,607.39,697.36,809.03,BCV,2026-06-19 22:00:13
415,612.43,702.42,811.13,BCV,2026-06-22 00:00:17
429,617.64,706.92,799.10,BCV,2026-06-23 22:00:09
435,621.53,707.44,800.80,BCV,2026-06-25 00:00:27
441,622.21,708.39,793.67,BCV,2026-06-26 22:00:30
446,623.02,710.10,778.36,BCV,2026-06-30 22:00:31
465,633.36,723.27,744.66,BCV,2026-07-01 22:00:32
470,639.70,728.48,744.93,BCV,2026-07-02 22:00:30
474,652.97,747.33,747.93,BCV,2026-07-03 22:00:39
480,667.05,763.19,779.50,BCV,2026-07-06 00:00:36
493,674.93,770.68,759.19,BCV,2026-07-07 20:00:36
499,685.94,783.78,794.20,BCV,2026-07-08 22:00:12
504,700.22,798.29,819.89,BCV,2026-07-09 22:01:05
510,709.69,811.45,837.61,BCV,2026-07-10 00:00:57
515,721.35,823.94,834.61,BCV,2026-07-13 00:00:51
530,724.00,825.50,845.95,BCV,2026-07-14 00:00:41
535,725.75,830.63,869.98,BCV,2026-07-15 00:00:15
539,727.45,832.25,876.76,BCV,2026-07-16 22:00:14
545,732.48,838.07,857.06,BCV,2026-07-17 00:00:12
550,736.93,843.20,864.79,BCV,2026-07-20 00:00:13
557,737.23,840.71,872.62,BCV,2026-07-21 00:00:51
561,737.23,840.86,876.08,BCV,2026-07-22 22:00:50
566,737.88,841.84,874.79,BCV,2026-07-23 22:00:51
572,742.23,844.22,875.40,BCV,2026-07-27 00:00:51
590,742.81,844.75,862.62,BCV,2026-07-28 22:00:20
593,744.23,846.07,854.94,BCV,2026-07-29 22:00:06
598,745.64,848.83,859.92,BCV,2026-07-30 22:00:06
603,746.63,858.98,863.48,BCV,2026-07-31 22:01:01
608,748.79,861.19,856.09,BCV,2026-08-03 22:01:00
621,752.09,865.18,858.49,BCV,2026-08-04 22:01:00
626,755.16,870.04,854.82,BCV,2026-08-05 22:00:13
631,755.90,872.84,852.68,BCV,2026-08-06 22:00:23
636,756.71,871.89,858.53,BCV,2026-08-07 22:00:35
641,757.54,875.22,865.70,BCV,2026-08-10 22:00:36
656,761.22,879.35,874.26,BCV,2026-08-11 22:00:33
661,764.35,882.30,881.32,BCV,2026-08-12 22:00:53
666,766.86,885.08,884.84,BCV,2026-08-13 22:00:53
671,771.07,889.45,895.26,BCV,2026-08-14 22:00:53
676,772.54,894.49,880.16,BCV,2026-08-17 22:00:29
690,773.31,896.03,899.27,BCV,2026-08-18 22:00:30